,brand,product,price,url
0,다이아몬드 레이라,플러프 무드 체크 셔츠 S24 네이비,"
68,000원 51,000원
                            ",https://store.musinsa.com/app/goods/859956
1,테이크이지,솔리드 옥스포드 오버셔츠(스카이블루),"
67,000원 53,600원
                            ",https://store.musinsa.com/app/goods/1336398
2,무신사 스탠다드,베이식 옥스포드 셔츠 [화이트],"
                                 24,900원
                            ",https://store.musinsa.com/app/goods/728000
3,쟈니웨스트,Wooltan Check Shirts (Cream),"
34,000원 32,300원
                            ",https://store.musinsa.com/app/goods/890749
4,다이아몬드 레이라,빈티지 블랙 도트 스트라이프 셔츠 S22,"
65,000원 51,000원
                            ",https://store.musinsa.com/app/goods/826451
5,테이크이지,솔리드 옥스포드 오버셔츠(화이트),"
67,000원 53,600원
                            ",https://store.musinsa.com/app/goods/1336290
6,무신사 스탠다드,릴렉스 핏 옥스포드 셔츠 [화이트],"
                                 24,900원
                            ",https://store.musinsa.com/app/goods/854337
7,아노블리어,루즈핏 오픈카라 텐셀 린넨 셔츠 [네이비],"
60,000원 56,400원
                            ",https://store.musinsa.com/app/goods/1008043
8,라퍼지스토어,시티보이 빅오버 옥스포드 반팔 셔츠_Sky Blue,"
45,000원 36,000원
                            ",https://store.musinsa.com/app/goods/1935180
9,파르티멘토,Hair Line Stripe Shirts Sky,"
39,000원 29,900원
                            ",https://store.musinsa.com/app/goods/533067
10,무신사 스탠다드,릴렉스 핏 실키 셔츠 [화이트],"
                                 23,900원
                            ",https://store.musinsa.com/app/goods/983818
11,스파오,오버핏 옥스포드 셔츠_SPYWC12C02,"
                                 29,900원
                            ",https://store.musinsa.com/app/goods/2272830
12,아노블리어,루즈핏 오픈카라 텐셀 린넨 셔츠 [오트밀],"
60,000원 56,400원
                            ",https://store.musinsa.com/app/goods/1008039
13,다이아몬드 레이라,클래식 화이트 셔츠 S40,"
59,000원 49,000원
                            ",https://store.musinsa.com/app/goods/1116117
14,무신사 스탠다드,릴렉스 핏 실키 셔츠 [블랙],"
                                 23,900원
                            ",https://store.musinsa.com/app/goods/983819
15,무신사 스탠다드,릴렉스 핏 실키 셔츠 [다크 네이비],"
                                 23,900원
                            ",https://store.musinsa.com/app/goods/983824
16,무신사 스탠다드,릴렉스 핏 실키 셔츠 [그레이쉬 블루],"
                                 23,900원
                            ",https://store.musinsa.com/app/goods/983822
17,필루미네이트,[리뉴얼] 옵티멀 베이직 린넨 셔츠-화이트,"
46,000원 34,500원
                            ",https://store.musinsa.com/app/goods/994588
18,다이아몬드 레이라,플러프 무드 체크 셔츠 S24 브라운,"
68,000원 51,000원
                            ",https://store.musinsa.com/app/goods/859949
19,무신사 스탠다드,[유아인 착용 상품] 릴렉스 핏 실키 셔츠 [카키],"
                                 23,900원
                            ",https://store.musinsa.com/app/goods/983823
20,퍼스텝,피그먼트 루즈핏 셔츠 베이지 SMLS4058,"
42,900원 40,700원
                            ",https://store.musinsa.com/app/goods/483796
21,아노블리어,루즈핏 오픈카라 텐셀 린넨 셔츠 [블랙],"
60,000원 56,400원
                            ",https://store.musinsa.com/app/goods/1067420
22,예일,STRIPE HANDSOME DAN SHIRT BLUE,"
69,000원 48,300원
                            ",https://store.musinsa.com/app/goods/1776344
23,다이아몬드 레이라,헤링본 클래식 체크 셔츠 S41,"
69,000원 51,000원
                            ",https://store.musinsa.com/app/goods/1116155
24,라퍼지스토어,시티보이 빅오버 옥스포드 반팔 셔츠_White,"
45,000원 36,000원
                            ",https://store.musinsa.com/app/goods/1935174
25,필루미네이트,[리뉴얼] 오버핏 글림 스트라이프 셔츠-네이비,"
46,000원 34,500원
                            ",https://store.musinsa.com/app/goods/1009551
26,커스텀어클락,옥스포드 베이직 셔츠 화이트,"
39,000원 35,100원
                            ",https://store.musinsa.com/app/goods/409641
27,후아유,스티브 보이핏 오버셔츠 WHYAC2225U,"
49,900원 44,910원
                            ",https://store.musinsa.com/app/goods/2024224
28,무신사 스탠다드,릴렉스 핏 옥스포드 셔츠 [블루],"
                                 24,900원
                            ",https://store.musinsa.com/app/goods/854339
29,테이크이지,[컬러추가]PIN STRIPE OVER SHIRT,"
67,000원 40,200원
                            ",https://store.musinsa.com/app/goods/592829
30,테이크이지,솔리드 옥스포드 오버셔츠(바이올렛),"
67,000원 40,200원
                            ",https://store.musinsa.com/app/goods/1336297
31,로맨틱크라운,Striped Cuffs Shirt_White,"
68,000원 47,600원
                            ",https://store.musinsa.com/app/goods/707695
32,제멋,하운드 투스 체크 반팔셔츠 카키 HSSS2207,"
                                 33,900원
                            ",https://store.musinsa.com/app/goods/1015136
33,아노블리어,루즈핏 오픈카라 린넨 셔츠 [화이트],"
60,000원 56,400원
                            ",https://store.musinsa.com/app/goods/1067413
34,다이아몬드 레이라,폴리 셔츠 S37-2  애쉬 그레이,"
65,000원 51,000원
                            ",https://store.musinsa.com/app/goods/1458793
35,유니온블루,LAUNDRY SHIRT (WHITE),"
62,000원 59,000원
                            ",https://store.musinsa.com/app/goods/2065703
36,다이아몬드 레이라,폴링 체크 셔츠 S43,"
68,000원 51,000원
                            ",https://store.musinsa.com/app/goods/1150239
37,필루미네이트,[리뉴얼]스테디 레잇 체크 셔츠-베이지,"
43,000원 21,500원
                            ",https://store.musinsa.com/app/goods/623548
38,기프트오리지널,(UNISEX) 클래시 체크 셔츠,"
49,000원 29,400원
                            ",https://store.musinsa.com/app/goods/875126
39,집시,오버사이즈 글렌체크 셔츠.,"
73,000원 49,900원
                            ",https://store.musinsa.com/app/goods/713749
40,아노블리어,세미오버핏 타탄 체크 셔츠 [엄버 블랙],"
60,000원 48,000원
                            ",https://store.musinsa.com/app/goods/1124609
41,아차,와이드 커프스 옷핀 셔츠 _ 화이트,"
64,000원 51,200원
                            ",https://store.musinsa.com/app/goods/853189
42,베리베인,TP95 PIN STRIPE SHIRTS (BLACK),"
                                 33,000원
                            ",https://store.musinsa.com/app/goods/837353
43,라퍼지스토어,시티보이 빅오버 옥스포드 셔츠_Royal Blue,"
47,000원 42,000원
                            ",https://store.musinsa.com/app/goods/2024232
44,무신사 스탠다드,릴렉스 핏 옥스포드 셔츠 [그레이],"
                                 24,900원
                            ",https://store.musinsa.com/app/goods/854338
45,드로우핏,오버사이즈 히든 미니멀 셔츠 [WHITE],"
59,000원 53,100원
                            ",https://store.musinsa.com/app/goods/1151850
46,토피,오버핏 옥스퍼드 셔츠 (BLUE),"
49,000원 36,500원
                            ",https://store.musinsa.com/app/goods/1841246
47,라퍼지스토어,시티보이 빅오버 워싱 데님 셔츠_Black,"
63,000원 49,000원
                            ",https://store.musinsa.com/app/goods/2037637
48,퍼스텝,피그먼트 루즈핏 셔츠 진회색 SMLS4058,"
42,900원 40,700원
                            ",https://store.musinsa.com/app/goods/483798
49,어반드레스,오버핏 울 체크 셔츠 그레이,"
48,000원 28,800원
                            ",https://store.musinsa.com/app/goods/1609651
50,쟈니웨스트,Ramie Half Shirts (Beige),"
31,000원 29,450원
                            ",https://store.musinsa.com/app/goods/580286
51,라퍼지스토어,시티보이 빅오버 옥스포드 셔츠_Neutral Gray,"
47,000원 42,000원
                            ",https://store.musinsa.com/app/goods/2024212
52,퍼스텝,[패키지] 매치오버핏 셔츠 4종 BJLS4410,"
79,600원 67,600원
                            ",https://store.musinsa.com/app/goods/1908619
53,테이크이지,솔리드 옥스포드 오버셔츠(블랙),"
67,000원 40,200원
                            ",https://store.musinsa.com/app/goods/1896964
54,니티드,오픈카라 링클프리 페이즐리 반팔 셔츠 BLACK,"
55,000원 44,000원
                            ",https://store.musinsa.com/app/goods/1458690
55,무신사 스탠다드,베이식 옥스포드 셔츠 [그레이],"
                                 24,900원
                            ",https://store.musinsa.com/app/goods/728002
56,무신사 스탠다드,베이식 옥스포드 셔츠 [블루],"
                                 24,900원
                            ",https://store.musinsa.com/app/goods/728001
57,라퍼지스토어,시티보이 빅오버 옥스포드 셔츠_Off White,"
47,000원 42,000원
                            ",https://store.musinsa.com/app/goods/2024234
58,필루미네이트,[리뉴얼] 오버핏 글림 스트라이프 셔츠-블랙,"
46,000원 34,500원
                            ",https://store.musinsa.com/app/goods/1009549
59,라퍼지스토어,시티보이 빅오버 옥스포드 반팔 셔츠_Ash Gray,"
45,000원 36,000원
                            ",https://store.musinsa.com/app/goods/1935179
60,기프트오리지널,(UNISEX) 아트 체크 셔츠,"
43,000원 21,500원
                            ",https://store.musinsa.com/app/goods/713467
61,테이크이지,스트라이프 옥스포드 오버셔츠 (스카이블루),"
67,000원 40,200원
                            ",https://store.musinsa.com/app/goods/1336401
62,무신사 스탠다드,릴렉스 핏 실키 셔츠 [핑크],"
                                 23,900원
                            ",https://store.musinsa.com/app/goods/983821
63,씨오큐,OVERFIT MINIMAL COLOR SHIRT_SKY BLUE,"
44,400원 35,520원
                            ",https://store.musinsa.com/app/goods/1294352
64,필루미네이트,[리뉴얼]스테디 웨이브 체크 셔츠-브라운,"
43,000원 21,500원
                            ",https://store.musinsa.com/app/goods/714459
65,라퍼지스토어,시티보이 빅오버 옥스포드 셔츠_Sky Blue Stripe,"
47,000원 42,000원
                            ",https://store.musinsa.com/app/goods/1921510
66,레이디 볼륨,[ 남/여] Overfit vintage check shirt_green,"
44,000원 35,200원
                            ",https://store.musinsa.com/app/goods/1103797
67,에스피오나지,Oxford Over Shirts Blue,"
96,000원 88,000원
                            ",https://store.musinsa.com/app/goods/1790970
68,엘무드,스티치 오버핏 셔츠 스카이 블루,"
89,000원 71,200원
                            ",https://store.musinsa.com/app/goods/1310549
69,쟈니웨스트,CXL Summer Shirt (Black),"
38,000원 34,200원
                            ",https://store.musinsa.com/app/goods/375860
70,무신사 스탠다드,릴렉스 핏 실키 셔츠 [라이트 그레이],"
                                 23,900원
                            ",https://store.musinsa.com/app/goods/1201036
71,커버낫,C 로고 옥스포드 스트라이프 셔츠 그레이,"
79,000원 63,200원
                            ",https://store.musinsa.com/app/goods/1550594
72,무신사 스탠다드,베이식 옥스포드 셔츠 [블랙],"
                                 24,900원
                            ",https://store.musinsa.com/app/goods/813191
73,드로우핏,미니멀 카라 린넨 풀오버 셔츠 [BLACK],"
59,000원 53,100원
                            ",https://store.musinsa.com/app/goods/1033853
74,어반드레스,UNISEX FLEX CHECK SHIRT BLUE,"
54,000원 37,800원
                            ",https://store.musinsa.com/app/goods/1208508
75,무신사 스탠다드,베이식 드레스 셔츠 [블랙],"
                                 27,900원
                            ",https://store.musinsa.com/app/goods/983341
76,폴로 랄프 로렌,커스텀핏 옥스포드 셔츠 - 화이트,"
                                 179,000원
                            ",https://store.musinsa.com/app/goods/1706633
77,아노블리어,[아노블리어 X 니티드] 루즈핏 얼터너티브 스트라이프 셔츠 [네이비],"
60,000원 48,000원
                            ",https://store.musinsa.com/app/goods/955731
78,무신사 스탠다드,베이식 코듀로이 셔츠 [베이지],"
28,900원 11,490원
                            ",https://store.musinsa.com/app/goods/876311
79,드로우핏,미니멀 카라 린넨 풀오버 셔츠 [CHARCOAL],"
59,000원 53,100원
                            ",https://store.musinsa.com/app/goods/1033854
80,라퍼지스토어,시티보이 빅오버 워싱 데님 셔츠_Light Blue,"
63,000원 49,000원
                            ",https://store.musinsa.com/app/goods/2037617
81,무신사 스탠다드,릴렉스 핏 워시드 데님 셔츠 [라이트 인디고],"
30,900원 18,490원
                            ",https://store.musinsa.com/app/goods/1152778
82,무신사 스탠다드,베이식 코듀로이 셔츠 [블랙],"
28,900원 14,390원
                            ",https://store.musinsa.com/app/goods/876304
83,드로우핏,미니멀 카라 린넨 풀오버 셔츠 [NAVY],"
59,000원 53,100원
                            ",https://store.musinsa.com/app/goods/1066104
84,에드,오버핏 롱 셔츠 화이트,"
                                 65,000원
                            ",https://store.musinsa.com/app/goods/493516
85,어반드레스,SPRING OVERSIZED SHIRT BLUE,"
48,000원 38,400원
                            ",https://store.musinsa.com/app/goods/1402730
86,무신사 스탠다드,[쿨탠다드] 트리코트 이지 셔츠 [화이트],"
                                 27,900원
                            ",https://store.musinsa.com/app/goods/1338015
87,무신사 스탠다드,코듀로이 오버사이즈 셔츠 재킷 [블랙],"
30,900원 12,290원
                            ",https://store.musinsa.com/app/goods/1178379
88,마크메이트,웨인듀 노멀 데님셔츠_DL_E30,"
                                 39,000원
                            ",https://store.musinsa.com/app/goods/700047
89,드로우핏,오버사이즈 린넨 풀오버 카라 셔츠 [MINT GREY],"
59,000원 53,100원
                            ",https://store.musinsa.com/app/goods/1427138
90,토피,오버핏 옥스퍼드 셔츠 (WHITE),"
49,000원 36,500원
                            ",https://store.musinsa.com/app/goods/1841247
91,와릿이즌,엔젤 와펜 셔츠 멀티 스트라이프,"
69,000원 41,400원
                            ",https://store.musinsa.com/app/goods/1538319
92,퍼스텝,피그먼트 루즈핏 셔츠 검정 SMLS4058,"
42,900원 40,700원
                            ",https://store.musinsa.com/app/goods/483795
93,콜릿,WOMEN 크롭 슬림 반팔 셔츠 [WHITE] 크롭티 반팔티,"
40,600원 34,510원
                            ",https://store.musinsa.com/app/goods/1952975
94,아조바이아조,Over Check Mixed Shirt (Navy),"
                                 124,000원
                            ",https://store.musinsa.com/app/goods/630932
95,무신사 스탠다드,오버사이즈 옥스포드 셔츠 [화이트],"
                                 31,900원
                            ",https://store.musinsa.com/app/goods/2093486
96,무신사 스탠다드,릴렉스 핏 코듀로이 셔츠 [블랙],"
28,900원 14,390원
                            ",https://store.musinsa.com/app/goods/1178366
97,레이디 볼륨,[ 남/여] Overfit vintage check shirt_brown,"
44,000원 35,200원
                            ",https://store.musinsa.com/app/goods/1103798
98,아노블리어,루즈핏 오픈카라 텐셀 린넨 셔츠 [카키],"
60,000원 56,400원
                            ",https://store.musinsa.com/app/goods/1419903
99,제로,Solid Box Shirts [Sky Blue],"
                                 35,000원
                            ",https://store.musinsa.com/app/goods/1432489
100,드로우핏,린넨 히든 미니멀 셔츠 [SKY BLUE],"
59,000원 53,100원
                            ",https://store.musinsa.com/app/goods/1491139
101,라퍼지스토어,시티보이 빅오버 워싱 데님 셔츠_Middle Blue,"
63,000원 49,000원
                            ",https://store.musinsa.com/app/goods/2037636
102,무신사 스탠다드,와이드 스프레드 칼라 드레스 셔츠 [화이트],"
                                 27,900원
                            ",https://store.musinsa.com/app/goods/1333644
103,무신사 스탠다드,릴렉스 핏 옥스포드 셔츠 [블랙],"
                                 24,900원
                            ",https://store.musinsa.com/app/goods/1023790
104,트릴리온,시티보이 보트자수 옥스포드 오버핏 셔츠 (WHITE),"
49,000원 39,800원
                            ",https://store.musinsa.com/app/goods/1951470
105,폴로 랄프 로렌,커스텀핏 데님 셔츠 - 네이비,"
                                 179,000원
                            ",https://store.musinsa.com/app/goods/1498105
106,토마스모어,TC1-SH08 프렌치 스트라이프 셔츠-네이비,"
                                 59,700원
                            ",https://store.musinsa.com/app/goods/2305840
107,무신사 스탠다드,베이식 린넨 셔츠 [화이트],"
                                 32,900원
                            ",https://store.musinsa.com/app/goods/1059861
108,와릿이즌,엔젤 와펜 셔츠 스트라이프,"
69,000원 41,400원
                            ",https://store.musinsa.com/app/goods/1123302
109,드로우핏,스탠드카라 린넨 셔츠 [NAVY],"
59,000원 53,100원
                            ",https://store.musinsa.com/app/goods/769603
110,드로우핏,스탠드카라 린넨 셔츠 [GREEN],"
59,000원 53,100원
                            ",https://store.musinsa.com/app/goods/769602
111,어반드레스,UNISEX FLEX CHECK SHIRT BLACK,"
54,000원 29,700원
                            ",https://store.musinsa.com/app/goods/1208509
112,라퍼지스토어,시티보이 빅오버 린넨 반팔 셔츠_Midnight Blue,"
45,000원 36,000원
                            ",https://store.musinsa.com/app/goods/1976299
113,무신사 스탠다드,오버사이즈 코튼 셔츠 [크림],"
26,900원 18,790원
                            ",https://store.musinsa.com/app/goods/1176990
114,무신사 스탠다드,히든 버튼 드레스 셔츠 [화이트],"
                                 27,900원
                            ",https://store.musinsa.com/app/goods/1523634
115,무신사 스탠다드,릴렉스 핏 실키 셔츠 [라이트 베이지],"
                                 23,900원
                            ",https://store.musinsa.com/app/goods/1201038
116,엘무드,에센셜 텐셀 린넨 셔츠,"
84,900원 42,450원
                            ",https://store.musinsa.com/app/goods/1403525
117,어반드레스,유니섹스 포인트 오버핏 체크 셔츠 네이비,"
48,000원 38,400원
                            ",https://store.musinsa.com/app/goods/1629784
118,무신사 스탠다드,코듀로이 오버사이즈 셔츠 재킷 [더스티 베이지],"
30,900원 15,390원
                            ",https://store.musinsa.com/app/goods/1178381
119,굿라이프웍스,시티보이 옥스포드 원포켓 오버핏 솔리드 셔츠 오프화이트,"
49,000원 39,200원
                            ",https://store.musinsa.com/app/goods/2060689
120,무신사 스탠다드,릴렉스 핏 실키 셔츠 [다크 그레이],"
                                 23,900원
                            ",https://store.musinsa.com/app/goods/1201037
121,무신사 스탠다드,오픈 칼라 쇼트 슬리브 셔츠 [블랙],"
                                 24,900원
                            ",https://store.musinsa.com/app/goods/1063856
122,제로,Solid Box Shirts [Light Grey],"
                                 35,000원
                            ",https://store.musinsa.com/app/goods/1432488
123,어반드레스,젠틀 오픈 세미 오버핏 셔츠 블랙,"
38,000원 28,500원
                            ",https://store.musinsa.com/app/goods/2005113
124,폴로 랄프 로렌,커스텀핏 옥스포드 셔츠 - 블루,"
                                 179,000원
                            ",https://store.musinsa.com/app/goods/1706634
125,무신사 스탠다드,베이식 코듀로이 셔츠 [머스타드],"
28,900원 11,490원
                            ",https://store.musinsa.com/app/goods/876307
126,바스틱,런던 스트라이프 옥스포드 버튼 다운 셔츠_그레이,"
35,000원 28,000원
                            ",https://store.musinsa.com/app/goods/711139
127,유니폼브릿지,oxford bd short shirts blue,"
                                 73,000원
                            ",https://store.musinsa.com/app/goods/1906829
128,무신사 스탠다드,코듀로이 오버사이즈 셔츠 재킷 [브라운],"
30,900원 15,390원
                            ",https://store.musinsa.com/app/goods/1178386
129,트릴리온,시티보이 보트자수 옥스포드 오버핏 셔츠 (SKY BLUE),"
49,000원 29,800원
                            ",https://store.musinsa.com/app/goods/1951471
130,퍼스텝,피그먼트 루즈핏 반팔 셔츠 검정 SMSS4079,"
38,900원 36,900원
                            ",https://store.musinsa.com/app/goods/559201
131,드로우핏,오버사이즈 히든 미니멀 셔츠 [BLUEGREY],"
59,000원 53,100원
                            ",https://store.musinsa.com/app/goods/1333423
132,아노블리어,[아노블리어 X 니티드] 루즈핏 얼터너티브 스트라이프 셔츠 [베이지],"
60,000원 48,000원
                            ",https://store.musinsa.com/app/goods/942034
133,에스피오나지,Denim Over Shirts Washed,"
                                 106,000원
                            ",https://store.musinsa.com/app/goods/2052991
134,아노블리어,루즈핏 오픈카라 텐셀 린넨 셔츠 [페이디드 데님],"
60,000원 56,400원
                            ",https://store.musinsa.com/app/goods/1419906
135,드로우핏,리에디션 브리즈 오픈 카라 셔츠 [D.NAVY],"
55,000원 49,500원
                            ",https://store.musinsa.com/app/goods/1033848
136,드로우핏,오버사이즈 히든 미니멀 셔츠 [L.GREY],"
59,000원 53,100원
                            ",https://store.musinsa.com/app/goods/1594472
137,테이크이지,솔리드 옥스포드 오버셔츠(자수버전/스카이블루),"
67,000원 40,200원
                            ",https://store.musinsa.com/app/goods/2057389
138,에스피오나지,Oxford Over Shirts Grey Stripe,"
96,000원 88,000원
                            ",https://store.musinsa.com/app/goods/1790968
139,프레리,[여름] 헨리넥 셔츠 ( KHAKI),"
55,000원 49,500원
                            ",https://store.musinsa.com/app/goods/1023986
140,커버낫,C 로고 옥스포드 스트라이프 셔츠 라이트블루,"
79,000원 63,200원
                            ",https://store.musinsa.com/app/goods/1550595
141,칸코,KANCO LOGO OXFORD SHIRT beige,"
89,000원 35,600원
                            ",https://store.musinsa.com/app/goods/1536850
142,하프크라이즈,풀오버 셔츠 SH-502_BG,"
                                 39,900원
                            ",https://store.musinsa.com/app/goods/775167
143,인스펙터,113 EASY CARE LINEN SHIRTS [BEIGE],"
59,000원 42,000원
                            ",https://store.musinsa.com/app/goods/1947116
144,무신사 스탠다드,릴렉스 핏 코듀로이 셔츠 [베이지],"
28,900원 11,490원
                            ",https://store.musinsa.com/app/goods/1178368
145,기프트오리지널,(UNISEX) 클리어 스트라이프 셔츠,"
49,000원 34,300원
                            ",https://store.musinsa.com/app/goods/953404
146,에스피오나지,Oxford Over Shirts White,"
96,000원 88,000원
                            ",https://store.musinsa.com/app/goods/1790971
147,무신사 스탠다드,베이식 시어서커 셔츠 [화이트/그레이],"
                                 26,900원
                            ",https://store.musinsa.com/app/goods/1059926
148,아차,노블 체크 셔츠 자켓 _ 화이트,"
                                 76,000원
                            ",https://store.musinsa.com/app/goods/1297268
149,제로,Tartan Check Shirts [Red],"
49,000원 24,500원
                            ",https://store.musinsa.com/app/goods/115327
150,아차,더블 스트라이프 링 셔츠 _ 블랙,"
64,000원 51,200원
                            ",https://store.musinsa.com/app/goods/701856
151,와이케이,와이케이 오픈슬리브 체크 셔츠 소라,"
98,000원 63,700원
                            ",https://store.musinsa.com/app/goods/725599
152,퍼스텝,피그먼트 루즈핏 반팔 셔츠 베이지 SMSS4079,"
38,900원 36,900원
                            ",https://store.musinsa.com/app/goods/559202
153,무신사 스탠다드,릴렉스 핏 실키 셔츠 [다크 브라운],"
                                 23,900원
                            ",https://store.musinsa.com/app/goods/1201042
154,다이아몬드 레이라,폴리 셔츠 S37-2 스카이 블루,"
65,000원 51,000원
                            ",https://store.musinsa.com/app/goods/1458788
155,무신사 스탠다드,릴렉스 핏 코듀로이 셔츠 [다크 그레이],"
28,900원 14,390원
                            ",https://store.musinsa.com/app/goods/1178374
156,쟈니웨스트,Wooltan Check Shirts (BR.NVY),"
34,000원 32,300원
                            ",https://store.musinsa.com/app/goods/1129278
157,집시,실키 레이어드 화이트 셔츠,"
75,000원 49,900원
                            ",https://store.musinsa.com/app/goods/947880
158,아노블리어,루즈핏 오픈카라 텐셀 린넨 셔츠 [스카이 블루],"
60,000원 56,400원
                            ",https://store.musinsa.com/app/goods/1914059
159,다이아몬드 레이라,[린넨]오버핏 스탠다드 스티치 셔츠 S74 그레이,"
                                 42,000원
                            ",https://store.musinsa.com/app/goods/1755880
160,제로,Solid Box Shirts [Cream],"
                                 35,000원
                            ",https://store.musinsa.com/app/goods/1053413
161,시티브리즈,[21FW] 링클 프리 베이직 셔츠_WHITE,"
62,000원 55,800원
                            ",https://store.musinsa.com/app/goods/2085005
162,프레리,[여름] 헨리넥 셔츠 (BLACK),"
55,000원 49,500원
                            ",https://store.musinsa.com/app/goods/1023987
163,무신사 스탠다드,베이식 코듀로이 셔츠 [핑크],"
28,900원 14,390원
                            ",https://store.musinsa.com/app/goods/876309
164,인스펙터,113 EASY CARE LINEN SHIRTS [SKY BLUE],"
59,000원 42,000원
                            ",https://store.musinsa.com/app/goods/1947118
165,드로우핏,리에디션 브리즈 오픈 카라 셔츠 [BLACK],"
55,000원 49,500원
                            ",https://store.musinsa.com/app/goods/1033849
166,무신사 스탠다드,릴렉스 핏 옥스포드 셔츠 [네이비],"
                                 24,900원
                            ",https://store.musinsa.com/app/goods/1023788
167,마인드브릿지,[정해인 착용] [COMMON]린넨혼방셔츠 MWWS3120,"
59,900원 35,910원
                            ",https://store.musinsa.com/app/goods/1882125
168,어반드레스,[남/여] 오버핏 와플 체크 셔츠-베이지,"
44,000원 30,800원
                            ",https://store.musinsa.com/app/goods/1616890
169,테이크이지,시티 스트라이프 오버 셔츠(시티블랙),"
67,000원 40,200원
                            ",https://store.musinsa.com/app/goods/1574264
170,리,와펜 스몰 하우스로고 옥스포드 셔츠 화이트,"
74,000원 59,200원
                            ",https://store.musinsa.com/app/goods/1752795
171,무신사 스탠다드,베이식 코듀로이 셔츠 [그레이],"
28,900원 14,390원
                            ",https://store.musinsa.com/app/goods/876308
172,테이크이지,스트라이프 옥스포드 오버셔츠 (바이올렛),"
67,000원 40,200원
                            ",https://store.musinsa.com/app/goods/1336403
173,쟈니웨스트,C.LINEN SHIRTS (BEIGE),"
32,000원 28,800원
                            ",https://store.musinsa.com/app/goods/1386986
174,드로우핏,미니멀 카라 린넨 풀오버 셔츠 [OATMEAL],"
59,000원 53,100원
                            ",https://store.musinsa.com/app/goods/1427126
175,무신사 스탠다드,베이식 코듀로이 셔츠 [딥 그린],"
28,900원 14,390원
                            ",https://store.musinsa.com/app/goods/876316
176,무신사 스탠다드,베이식 드레스 셔츠 [스카이 블루],"
                                 27,900원
                            ",https://store.musinsa.com/app/goods/983340
177,카멜워크,Over-Fit Heavy Check Shirts(Green) CW02,"
52,000원 29,000원
                            ",https://store.musinsa.com/app/goods/621999
178,무신사 스탠다드,릴렉스 핏 실키 셔츠 [더스티 베이지],"
                                 23,900원
                            ",https://store.musinsa.com/app/goods/1201039
179,무신사 스탠다드,오버사이즈 코튼 셔츠 [블랙],"
26,900원 13,390원
                            ",https://store.musinsa.com/app/goods/1176988
180,퍼스텝,피그먼트 루즈핏 반팔 셔츠 진회색 SMSS4079,"
38,900원 36,900원
                            ",https://store.musinsa.com/app/goods/559204
181,드로우핏,오버사이즈 히든 미니멀 셔츠 [D.GREY],"
59,000원 53,100원
                            ",https://store.musinsa.com/app/goods/1333425
182,무신사 스탠다드,코튼 린넨 스탠드 칼라 셔츠 [화이트],"
                                 26,900원
                            ",https://store.musinsa.com/app/goods/1063841
183,아노블리어,루즈핏 오픈카라 텐셀 린넨 셔츠 [그레이],"
60,000원 56,400원
                            ",https://store.musinsa.com/app/goods/1473121
184,무신사 스탠다드,베이식 코듀로이 셔츠 [카키],"
28,900원 11,490원
                            ",https://store.musinsa.com/app/goods/876310
185,무신사 스탠다드,베이식 코듀로이 셔츠 [다크 오렌지],"
28,900원 17,290원
                            ",https://store.musinsa.com/app/goods/876314
186,폴로 랄프 로렌,커스텀핏 버튼다운 옥스포드 셔츠  - 블루,"
                                 179,000원
                            ",https://store.musinsa.com/app/goods/1498103
187,드로우핏,오버사이즈 히든 미니멀 셔츠 [BLACK],"
59,000원 53,100원
                            ",https://store.musinsa.com/app/goods/1333422
188,무신사 스탠다드,릴렉스 핏 코듀로이 셔츠 [더스티 베이지],"
28,900원 14,390원
                            ",https://store.musinsa.com/app/goods/1178369
189,필루미네이트,[리뉴얼]스테디 와이드 체크 셔츠-블루,"
43,000원 21,500원
                            ",https://store.musinsa.com/app/goods/606679
190,쟈니웨스트,CXL Summer Shirt (Forest Green),"
38,000원 34,200원
                            ",https://store.musinsa.com/app/goods/375877
191,어반드레스,유니섹스 베이스 오버핏 체크셔츠-네이비,"
44,000원 37,400원
                            ",https://store.musinsa.com/app/goods/1622792
192,아노블리어,루즈핏 오픈카라 텐셀 린넨 셔츠 [모카 베이지],"
60,000원 56,400원
                            ",https://store.musinsa.com/app/goods/1914047
193,무신사 스탠다드,릴렉스 핏 코듀로이 셔츠 [더스티 핑크],"
28,900원 11,490원
                            ",https://store.musinsa.com/app/goods/1178375
194,마인드브릿지,[정해인 착용] [패키지][이지케어]드레스셔츠 MWDS018SET,"
                                 49,900원
                            ",https://store.musinsa.com/app/goods/1795192
195,예일,(22SS) EMBROIDERY UNIVERSITY DAN RELAX FIT SS SHIRT IVORY,"
59,000원 47,200원
                            ",https://store.musinsa.com/app/goods/1917349
196,다이아몬드 레이라,엘보우 다이아몬드 스티치 S68 네이비,"
69,000원 48,000원
                            ",https://store.musinsa.com/app/goods/1593024
197,다이아몬드 레이라,[린넨]오버핏 스탠다드 스티치 셔츠 S74 애쉬 블루,"
                                 42,000원
                            ",https://store.musinsa.com/app/goods/1755875
198,트립르센스,FALL STRIPE SHIRTS BLACK,"
65,000원 58,500원
                            ",https://store.musinsa.com/app/goods/655226
199,제멋,하운드 투스 체크 반팔셔츠 브라운 HSSS2207,"
                                 33,900원
                            ",https://store.musinsa.com/app/goods/1015137
200,무신사 스탠다드,릴렉스 핏 코듀로이 셔츠 [카키],"
28,900원 11,490원
                            ",https://store.musinsa.com/app/goods/1178372
201,트릴리온,시티보이 보트자수 옥스포드 오버핏 반팔셔츠 (SKY BLUE),"
47,000원 37,000원
                            ",https://store.musinsa.com/app/goods/1951474
202,무신사 스탠다드,베이식 옥스포드 셔츠 [네이비],"
                                 24,900원
                            ",https://store.musinsa.com/app/goods/813190
203,밈더워드로브,RIVER 코튼 하프셔츠,"
83,000원 74,700원
                            ",https://store.musinsa.com/app/goods/1912996
204,테이크이지,솔리드 옥스포드 오버셔츠(자수버전/화이트),"
67,000원 40,200원
                            ",https://store.musinsa.com/app/goods/2057391
205,드로우핏,오버사이즈 히든 미니멀 셔츠 [MOCHA BEIGE],"
59,000원 53,100원
                            ",https://store.musinsa.com/app/goods/1333426
206,기프트오리지널,(UNISEX) 클리어 스트라이프 셔츠,"
49,000원 34,300원
                            ",https://store.musinsa.com/app/goods/953389
207,콜릿,린넨 화이트 슬림 반팔 셔츠 [크롭],"
36,900원 28,390원
                            ",https://store.musinsa.com/app/goods/1465438
208,무신사 스탠다드,릴렉스 핏 코듀로이 셔츠 [더스티 블루],"
28,900원 14,390원
                            ",https://store.musinsa.com/app/goods/1178373
209,하프크라이즈,SH-506 린넨 풀오버 데님 셔츠,"
                                 49,000원
                            ",https://store.musinsa.com/app/goods/550086
210,드로우핏,오버핏 옥스퍼드 셔츠 [WHITE],"
55,000원 49,500원
                            ",https://store.musinsa.com/app/goods/2138431
211,다이아몬드 레이라,솔리드 옥스포드 히든 셔츠 S67 스카이 블루,"
69,000원 48,000원
                            ",https://store.musinsa.com/app/goods/1592982
212,파르티멘토,오버사이즈 워싱 코튼 셔츠 화이트,"
44,600원 22,300원
                            ",https://store.musinsa.com/app/goods/1825720
213,무신사 스탠다드,릴렉스 핏 코듀로이 셔츠 [그린],"
28,900원 14,390원
                            ",https://store.musinsa.com/app/goods/1178377
214,에씨드슬라이드,[폴리]오버핏 데일리 체크셔츠_블랙,"
41,000원 32,900원
                            ",https://store.musinsa.com/app/goods/2065088
215,드로우핏,린넨 히든 미니멀 셔츠 [PALE MINT],"
59,000원 53,100원
                            ",https://store.musinsa.com/app/goods/1491140
216,아노블리어,루즈핏 오픈카라 텐셀 린넨 셔츠 [페일 핑크],"
60,000원 56,400원
                            ",https://store.musinsa.com/app/goods/1914061
217,드로우핏,린넨 히든 미니멀 셔츠 [CHARCOAL],"
59,000원 53,100원
                            ",https://store.musinsa.com/app/goods/1491137
218,파르티멘토,오버사이즈 스톤 워싱 데님 셔츠 블루,"
49,600원 34,700원
                            ",https://store.musinsa.com/app/goods/2392759
219,드로우핏,오버사이즈 린넨 풀오버 카라 셔츠 [OATBEIGE],"
59,000원 53,100원
                            ",https://store.musinsa.com/app/goods/1427137
220,무신사 스탠다드,릴렉스 핏 코듀로이 셔츠 [브라운],"
28,900원 14,390원
                            ",https://store.musinsa.com/app/goods/1178376
221,퍼스텝,매치오버핏 반팔셔츠 흰색 BJSS4426,"
35,900원 32,300원
                            ",https://store.musinsa.com/app/goods/1908615
222,드로우핏,오버사이즈 린넨 풀오버 카라 셔츠 [BLACK],"
59,000원 53,100원
                            ",https://store.musinsa.com/app/goods/1427134
223,드로우핏,린넨 히든 루즈핏 오픈카라 셔츠 [OATBEIGE],"
59,000원 53,100원
                            ",https://store.musinsa.com/app/goods/1436321
224,프리즘웍스,LINEN PULLOVER SHIRT _ OLIVE,"
58,000원 49,300원
                            ",https://store.musinsa.com/app/goods/1045015
225,마크메이트,(긴팔)스트라이프셔츠_DL_D6,"
                                 32,000원
                            ",https://store.musinsa.com/app/goods/400742
226,무신사 스탠다드,베이식 옥스포드 셔츠 [핑크],"
                                 24,900원
                            ",https://store.musinsa.com/app/goods/728003
227,퍼스텝,피그먼트 루즈핏 반팔 셔츠 크림 SMSS4079,"
38,900원 36,900원
                            ",https://store.musinsa.com/app/goods/559206
228,어반드레스,SPRING OVERSIZED SHIRT GREEN,"
48,000원 28,800원
                            ",https://store.musinsa.com/app/goods/1402738
229,드로우핏,스탠드카라 린넨 셔츠 [SMOKE PINK],"
59,000원 53,100원
                            ",https://store.musinsa.com/app/goods/769601
230,레이디 볼륨,[ 남/여] Overfit vintage check shirt_navy,"
44,000원 35,200원
                            ",https://store.musinsa.com/app/goods/1225149
231,쟈니웨스트,COLUMN STRIPE SHIRTS (BLACK),"
43,000원 40,850원
                            ",https://store.musinsa.com/app/goods/1327776
232,트릴리온,시티보이 보트자수 옥스포드 오버핏 셔츠 (BLACK STRIPE),"
49,000원 39,800원
                            ",https://store.musinsa.com/app/goods/2108009
233,무신사 스탠다드,베이식 시어서커 셔츠 [화이트/블루],"
                                 26,900원
                            ",https://store.musinsa.com/app/goods/1059927
234,프리즘웍스,LINEN PULLOVER SHIRT _ NAVY,"
58,000원 49,300원
                            ",https://store.musinsa.com/app/goods/1045014
235,테이크이지,솔리드 옥스포드 오버셔츠(자수버전/블랙),"
67,000원 40,200원
                            ",https://store.musinsa.com/app/goods/2057388
236,토마스 베일리,[THOMAS VAILEY] 토마스베일리 남성드레스셔츠 트윌 화이트 와이드카라 슬림핏 1THTHA4MSU109,"
                                 35,000원
                            ",https://store.musinsa.com/app/goods/498261
237,토피,오버핏 옥스퍼드 셔츠 (GREY),"
49,000원 36,500원
                            ",https://store.musinsa.com/app/goods/1841244
238,어반드레스,울프 오버핏 울 체크 셔츠 네이비,"
44,000원 30,360원
                            ",https://store.musinsa.com/app/goods/1629790
239,다이아몬드 레이라,다크 버건디 무드 체크 셔츠 S45,"
68,000원 34,000원
                            ",https://store.musinsa.com/app/goods/1238779
240,트립르센스,MULTI ST OPEN SHIRTS BLUE,"
65,000원 58,500원
                            ",https://store.musinsa.com/app/goods/565940
241,인스펙터,113 EASY CARE LINEN SHIRTS [TEAL GREEN],"
59,000원 42,000원
                            ",https://store.musinsa.com/app/goods/1947110
242,퍼스텝,피그먼트 루즈핏 셔츠 크림 SMLS4058,"
42,900원 40,700원
                            ",https://store.musinsa.com/app/goods/995245
243,드로우핏,오버사이즈 히든 미니멀 셔츠 [CREAM],"
59,000원 53,100원
                            ",https://store.musinsa.com/app/goods/1594473
244,카멜워크,Over-Fit Check Shirts(Black) CW04,"
49,000원 29,000원
                            ",https://store.musinsa.com/app/goods/621994
245,아르반,COASA 오버핏 하프 셔츠_화이트,"
67,000원 56,950원
                            ",https://store.musinsa.com/app/goods/1980625
246,드로우핏,미니멀 카라 린넨 풀오버 셔츠 [MOCHA],"
59,000원 53,100원
                            ",https://store.musinsa.com/app/goods/1427125
247,무신사 스탠다드,우먼즈 오버사이즈 실키 셔츠 [화이트],"
                                 23,900원
                            ",https://store.musinsa.com/app/goods/2126183
248,리,와펜 스몰 하우스로고 옥스포드 셔츠 라이트 블루,"
74,000원 59,200원
                            ",https://store.musinsa.com/app/goods/1752796
249,아차,와이드 커프스 옷핀 셔츠 _ 블랙,"
64,000원 51,200원
                            ",https://store.musinsa.com/app/goods/853188
250,무신사 스탠다드,릴렉스드 텐셀 린넨 셔츠 [화이트],"
                                 34,900원
                            ",https://store.musinsa.com/app/goods/1916299
251,라퍼지스토어,시티보이 빅오버 린넨 반팔 셔츠_Oatmeal,"
45,000원 36,000원
                            ",https://store.musinsa.com/app/goods/1976304
252,파르티멘토,풀오버 하프 셔츠 블랙,"
44,600원 35,900원
                            ",https://store.musinsa.com/app/goods/1950211
253,드로우핏,히든 루즈핏 오픈카라 셔츠 [NAVY],"
59,000원 53,100원
                            ",https://store.musinsa.com/app/goods/976323
254,프레리,[여름] 헨리넥 셔츠 ( WHITE),"
55,000원 49,500원
                            ",https://store.musinsa.com/app/goods/1023983
255,콜릿,린넨 블랙 슬림 반팔 셔츠 [크롭],"
36,900원 28,400원
                            ",https://store.musinsa.com/app/goods/1465444
256,드로우핏,오버사이즈 히든 미니멀 셔츠 [MINTGREY],"
59,000원 53,100원
                            ",https://store.musinsa.com/app/goods/1333424
257,무신사 스탠다드,릴렉스 핏 코듀로이 셔츠 [브릭],"
28,900원 14,390원
                            ",https://store.musinsa.com/app/goods/1178378
258,다이아몬드 레이라,폴리 셔츠 S37-2 베이지,"
65,000원 51,000원
                            ",https://store.musinsa.com/app/goods/1458791
259,무신사 스탠다드,[쿨탠다드] 트리코트 이지 셔츠 [블랙],"
                                 27,900원
                            ",https://store.musinsa.com/app/goods/1338014
260,무신사 스탠다드,베이식 옥스포드 셔츠 [카키],"
                                 24,900원
                            ",https://store.musinsa.com/app/goods/813192
261,무신사 스탠다드,오픈 칼라 쇼트 슬리브 셔츠 [화이트],"
                                 24,900원
                            ",https://store.musinsa.com/app/goods/1063857
262,드로우핏,린넨 히든 미니멀 셔츠 [WHITE],"
59,000원 53,100원
                            ",https://store.musinsa.com/app/goods/1491138
263,레이디 볼륨,[남/여] Overfit color shirt_white,"
44,000원 35,200원
                            ",https://store.musinsa.com/app/goods/995265
264,무신사 스탠다드,시어서커 풀오버 셔츠 [화이트/그레이쉬 네이비],"
                                 26,900원
                            ",https://store.musinsa.com/app/goods/1059932
265,에스피오나지,EG Relaxed Shirts White,"
89,000원 82,000원
                            ",https://store.musinsa.com/app/goods/2343099
266,어반드레스,프레드릭 오버핏 울 체크 셔츠,"
52,000원 33,800원
                            ",https://store.musinsa.com/app/goods/2175307
267,리,트위치 로고 오버핏 옥스포드 셔츠 블루,"
74,000원 59,200원
                            ",https://store.musinsa.com/app/goods/2060669
268,레이디 볼륨,Overfit linen basic shirt_white,"
44,000원 35,200원
                            ",https://store.musinsa.com/app/goods/1036763
269,하프크라이즈,풀오버 셔츠 SH-502_BL,"
                                 39,900원
                            ",https://store.musinsa.com/app/goods/550107
270,굿라이프웍스,시티보이 옥스포드 원포켓 오버핏 솔리드 셔츠 연블루,"
49,000원 39,200원
                            ",https://store.musinsa.com/app/goods/2060692
271,라퍼지스토어,시티보이 빅오버 린넨 반팔 셔츠_Cream,"
45,000원 36,000원
                            ",https://store.musinsa.com/app/goods/1976315
272,어반드레스,로얄블루 오버핏 울 체크셔츠,"
48,000원 28,800원
                            ",https://store.musinsa.com/app/goods/1629754
273,무신사 스탠다드,코듀로이 오버사이즈 셔츠 재킷 [네이비],"
30,900원 15,390원
                            ",https://store.musinsa.com/app/goods/1178388
274,토피,오버핏 옥스퍼드 셔츠 (BLACK),"
49,000원 36,500원
                            ",https://store.musinsa.com/app/goods/1841248
275,엘무드,히든 오픈 카라 린넨 셔츠,"
84,900원 42,450원
                            ",https://store.musinsa.com/app/goods/1403523
276,무신사 스탠다드,베이식 포플린 셔츠 [네이비],"
26,900원 16,090원
                            ",https://store.musinsa.com/app/goods/1068745
277,르아르,에브리데이 오버핏 셔츠 [화이트],"
54,200원 38,000원
                            ",https://store.musinsa.com/app/goods/2099679
278,폴로 랄프 로렌,커스텀핏 옥스포드 셔츠 - 핑크,"
                                 179,000원
                            ",https://store.musinsa.com/app/goods/1706635
279,쟈니웨스트,Ramie Half Shirts (Black),"
31,000원 29,450원
                            ",https://store.musinsa.com/app/goods/748924
280,다이아몬드 레이라,폴리 셔츠 S37-2 블랙,"
65,000원 51,000원
                            ",https://store.musinsa.com/app/goods/1458794
281,트릴리온,시티보이 보트자수 옥스포드 오버핏 반팔셔츠 (WHITE),"
47,000원 37,000원
                            ",https://store.musinsa.com/app/goods/1951473
282,무신사 스탠다드,릴렉스 핏 코듀로이 셔츠 [머스터드],"
28,900원 11,490원
                            ",https://store.musinsa.com/app/goods/1178370
283,무신사 스탠다드,코듀로이 오버사이즈 셔츠 재킷 [머스터드],"
30,900원 15,390원
                            ",https://store.musinsa.com/app/goods/1178385
284,무신사 스탠다드,오픈 칼라 쇼트 슬리브 셔츠 [카키],"
                                 24,900원
                            ",https://store.musinsa.com/app/goods/1063859
285,예일,(22SS) EMBROIDERY UNIVERSITY DAN RELAX FIT SS SHIRT WHITE,"
59,000원 47,200원
                            ",https://store.musinsa.com/app/goods/1917354
286,무신사 스탠다드,릴렉스드 쇼트 슬리브 셔츠 [네이비],"
                                 25,900원
                            ",https://store.musinsa.com/app/goods/1388861
287,무신사 스탠다드,코듀로이 오버사이즈 셔츠 재킷 [카키],"
30,900원 15,390원
                            ",https://store.musinsa.com/app/goods/1178383
288,비슬로우,[슬로우보이X프리즘웍스] OVERSIZED BUTTON DOWN SHIRT BLUE,"
69,000원 48,300원
                            ",https://store.musinsa.com/app/goods/1839116
289,아노블리어,루즈핏 오픈카라 텐셀 린넨 셔츠 [라일락],"
60,000원 56,400원
                            ",https://store.musinsa.com/app/goods/1914054
290,퍼스텝,[패키지] 피그먼트 루즈핏 셔츠 12종 2PACK SMLS4058,"
85,800원 72,900원
                            ",https://store.musinsa.com/app/goods/1609765
291,인템포무드,링클 디포머 아웃핏 셔츠_블랙,"
89,000원 80,100원
                            ",https://store.musinsa.com/app/goods/1791081
292,와릿이즌,엔젤 와펜 셔츠 화이트,"
69,000원 41,400원
                            ",https://store.musinsa.com/app/goods/1123301
293,무신사 스탠다드,릴렉스드 쇼트 슬리브 셔츠 [블랙],"
                                 25,900원
                            ",https://store.musinsa.com/app/goods/1388859
294,무신사 스탠다드,릴렉스 핏 실키 셔츠 [더스티 민트],"
                                 23,900원
                            ",https://store.musinsa.com/app/goods/1201041
295,아노블리어,세미오버핏 솔리드 옥스포드 셔츠 [스카이 블루],"
58,000원 46,400원
                            ",https://store.musinsa.com/app/goods/1667701
296,로맨틱크라운,RC클럽 옥스포드 셔츠_화이트,"
                                 72,000원
                            ",https://store.musinsa.com/app/goods/2045156
297,무신사 스탠다드,오픈 칼라 롱 슬리브 셔츠 [화이트],"
27,900원 13,890원
                            ",https://store.musinsa.com/app/goods/1333648
298,수아레,이지 케어 오버 셔츠 라이트블루,"
49,000원 34,790원
                            ",https://store.musinsa.com/app/goods/1781263
299,무신사 스탠다드,오버사이즈 비건 레더 셔츠 [블랙],"
61,900원 43,290원
                            ",https://store.musinsa.com/app/goods/1624860
300,다이아몬드 레이라,노바 네이비 체크 셔츠 S70,"
69,000원 48,000원
                            ",https://store.musinsa.com/app/goods/1593060
301,무신사 스탠다드,오버사이즈 코튼 셔츠 [더스티 베이지],"
26,900원 13,390원
                            ",https://store.musinsa.com/app/goods/1176991
302,다이아몬드 레이라,[코듀로이]헤비 S85 아이보리,"
74,000원 66,600원
                            ",https://store.musinsa.com/app/goods/2041179
303,무신사 스탠다드,릴렉스 핏 옥스포드 셔츠 [카키],"
                                 24,900원
                            ",https://store.musinsa.com/app/goods/1023789
304,제멋,하운드 투스 체크 반팔셔츠 차콜 HSSS2207,"
                                 33,900원
                            ",https://store.musinsa.com/app/goods/1015135
305,르아르,에브리데이 오버핏 셔츠 [스카이 블루],"
54,200원 38,000원
                            ",https://store.musinsa.com/app/goods/2099683
306,다이아몬드 레이라,크레용 스트라이프 셔츠 S81 라이트 라일락,"
68,000원 51,000원
                            ",https://store.musinsa.com/app/goods/1969998
307,무신사 스탠다드,링클프리 드레스 셔츠 [블랙],"
                                 29,900원
                            ",https://store.musinsa.com/app/goods/1875850
308,무신사 스탠다드,스트라이프 포플린 셔츠 [스카이 블루],"
26,900원 16,090원
                            ",https://store.musinsa.com/app/goods/1068754
309,프리즘웍스,OG OXFORD OVERSIZED SHIRT _ BLUE,"
54,000원 48,600원
                            ",https://store.musinsa.com/app/goods/1811227
310,인스펙터,113 EASY CARE LINEN SHIRTS [CHARCOAL BLACK],"
59,000원 42,000원
                            ",https://store.musinsa.com/app/goods/1947148
311,토마스모어,sh1304 스냅다운 셔츠-스모크민트,"
                                 69,700원
                            ",https://store.musinsa.com/app/goods/2111968
312,에스피오나지,Oxford Over Shirts Beige Stripe,"
                                 96,000원
                            ",https://store.musinsa.com/app/goods/1880269
313,다이아몬드 레이라,오버핏 클라우디 체크 셔츠 S72 네이비,"
68,000원 48,000원
                            ",https://store.musinsa.com/app/goods/1755858
314,커스텀어클락,옥스포드 베이직 셔츠 베이지,"
39,000원 35,100원
                            ",https://store.musinsa.com/app/goods/409730
315,무신사 스탠다드,[쿨탠다드] 트리코트 이지 셔츠 [스카이 블루],"
                                 27,900원
                            ",https://store.musinsa.com/app/goods/1338016
316,드로우핏,히든 루즈핏 오픈카라 셔츠 [BLACK],"
59,000원 53,100원
                            ",https://store.musinsa.com/app/goods/1333438
317,와릿이즌,엔젤 와펜 셔츠 블랙,"
69,000원 41,400원
                            ",https://store.musinsa.com/app/goods/1123303
318,무신사 스탠다드,릴렉스 핏 옥스포드 셔츠 [크림],"
                                 24,900원
                            ",https://store.musinsa.com/app/goods/2106509
319,니티드,오픈카라 링클프리 페이즐리 반팔 셔츠 NAVY,"
55,000원 44,000원
                            ",https://store.musinsa.com/app/goods/1458691
320,무신사 스탠다드,오픈 칼라 롱 슬리브 셔츠 [블랙],"
27,900원 13,890원
                            ",https://store.musinsa.com/app/goods/1333647
321,테이크이지,MIX HEAVY OVER SHIRTS (BEIGE),"
67,000원 43,500원
                            ",https://store.musinsa.com/app/goods/876948
322,쟈니웨스트,CXL Summer Shirt (Navy Edition),"
38,000원 34,200원
                            ",https://store.musinsa.com/app/goods/562810
323,트릴리온,시티보이 보트자수 옥스포드 오버핏 셔츠 (BLACK),"
49,000원 39,800원
                            ",https://store.musinsa.com/app/goods/2108007
324,아노블리어,오버핏 일반카라 린넨 셔츠 [화이트],"
58,000원 46,400원
                            ",https://store.musinsa.com/app/goods/1944628
325,다이아몬드 레이라,솔리드 옥스포드 히든 셔츠 S67 오프 화이트,"
69,000원 48,000원
                            ",https://store.musinsa.com/app/goods/1585386
326,퍼스텝,매치오버핏 반팔셔츠 하늘 BJSS4426,"
35,900원 32,300원
                            ",https://store.musinsa.com/app/goods/1908616
327,에스에스와이,하와이안 페이즐리 반팔 셔츠 블랙,"
59,000원 19,470원
                            ",https://store.musinsa.com/app/goods/1066410
328,테이크이지,자이언트핏 포켓 데님셔츠(연청),"
67,000원 40,200원
                            ",https://store.musinsa.com/app/goods/1872595
329,어반드레스,젠틀 오픈 세미 오버핏 셔츠 화이트,"
38,000원 28,500원
                            ",https://store.musinsa.com/app/goods/2005128
330,제로,Solid Box Shirts [Mint],"
                                 35,000원
                            ",https://store.musinsa.com/app/goods/1053414
331,에드,오버핏 롱 셔츠 블랙,"
                                 65,000원
                            ",https://store.musinsa.com/app/goods/493515
332,테이크이지,솔리드 옥스포드 오버셔츠(자수버전/바이올렛),"
67,000원 40,200원
                            ",https://store.musinsa.com/app/goods/2057390
333,어반드레스,밀크 울 체크 셔츠 베이지,"
48,000원 28,800원
                            ",https://store.musinsa.com/app/goods/1616773
334,드로우핏,오버사이즈 린넨 풀오버 카라 셔츠 [SKY BLUE],"
59,000원 53,100원
                            ",https://store.musinsa.com/app/goods/1474599
335,다이아몬드 레이라,크로스 레드-블랙 체크 셔츠 S63,"
69,000원 19,900원
                            ",https://store.musinsa.com/app/goods/1546706
336,토마스모어,TC1-SH05 플레인 셔츠-그레이블루,"
                                 59,700원
                            ",https://store.musinsa.com/app/goods/2305834
337,어반드레스,유니섹스 크리스 오버핏 체크셔츠-그린,"
44,000원 26,400원
                            ",https://store.musinsa.com/app/goods/1623165
338,에스에스와이,하프 앤 하프 1/2 셔츠 스퀘어 오렌지,"
79,000원 26,070원
                            ",https://store.musinsa.com/app/goods/1066473
339,엘무드,에센셜 샤랄라 셔츠 블루 그레이,"
74,000원 66,600원
                            ",https://store.musinsa.com/app/goods/1310537
340,르아르,린넨 투포켓 오버핏 셔츠 [화이트],"
58,000원 52,000원
                            ",https://store.musinsa.com/app/goods/1970542
341,레이디 볼륨,Overfit linen basic shirt_sky blue,"
44,000원 35,200원
                            ",https://store.musinsa.com/app/goods/1036761
342,퍼스텝,매치오버핏 셔츠 하늘 BJLS4410,"
39,800원 35,800원
                            ",https://store.musinsa.com/app/goods/1841277
343,수아레,이지 케어 오버 셔츠 세트,"
98,000원 65,660원
                            ",https://store.musinsa.com/app/goods/1809706
344,다이아몬드 레이라,[린넨]오버핏 스탠다드 스티치 셔츠 S74 오프화이트,"
                                 42,000원
                            ",https://store.musinsa.com/app/goods/1755874
345,드로우핏,린넨 히든 루즈핏 오픈카라 셔츠 [NAVY],"
59,000원 53,100원
                            ",https://store.musinsa.com/app/goods/1474596
346,드로우핏,린넨 히든 루즈핏 오픈카라 셔츠 [BLACK],"
59,000원 53,100원
                            ",https://store.musinsa.com/app/goods/1436320
347,무신사 스탠다드,릴렉스 핏 옥스포드 워크 셔츠 [크림],"
                                 28,900원
                            ",https://store.musinsa.com/app/goods/1222013
348,폴로 랄프 로렌,커스텀핏 샴브레이 셔츠 - 블루,"
                                 179,000원
                            ",https://store.musinsa.com/app/goods/1498104
349,드로우핏,린넨 히든 미니멀 셔츠 [BLACK],"
59,000원 53,100원
                            ",https://store.musinsa.com/app/goods/1491135
350,필루미네이트,시티보이 베이직 옥스퍼드 셔츠-스카이 블루,"
45,000원 33,750원
                            ",https://store.musinsa.com/app/goods/2047956
351,폴로 랄프 로렌,커스텀핏 포플린 셔츠 - 네이비,"
                                 179,000원
                            ",https://store.musinsa.com/app/goods/1683420
352,드로우핏,시어서커 오버핏 스트라이프 셔츠 [BLUE],"
59,000원 53,100원
                            ",https://store.musinsa.com/app/goods/1427130
353,트릴리온,솔리드 투포켓 오버핏 반팔 셔츠 (GRAY),"
46,000원 39,000원
                            ",https://store.musinsa.com/app/goods/1967048
354,트릴리온,시티보이 보트자수 옥스포드 오버핏 셔츠 (STRIPE),"
49,000원 39,800원
                            ",https://store.musinsa.com/app/goods/1951469
355,아노블리어,세미오버핏 솔리드 옥스포드 셔츠 [화이트],"
58,000원 46,400원
                            ",https://store.musinsa.com/app/goods/1667691
356,드로우핏,린넨 히든 루즈핏 오픈카라 셔츠 [CHARCOAL],"
59,000원 53,100원
                            ",https://store.musinsa.com/app/goods/1436322
357,프리즘웍스,OG OXFORD OVERSIZED SHIRT _ WHITE,"
54,000원 48,600원
                            ",https://store.musinsa.com/app/goods/1811228
358,와릿이즌,엔젤 와펜 반팔 셔츠 블루 스트라이프,"
59,000원 50,150원
                            ",https://store.musinsa.com/app/goods/1374501
359,무신사 스탠다드,시어서커 풀오버 셔츠 [화이트/그레이],"
                                 26,900원
                            ",https://store.musinsa.com/app/goods/1059931
